id,intents_gold,slots_gold,intents_pred,slots_pred
test_500,BookRestaurant,O O O B-location I-location O O B-location I-location I-location O O O B-restaurant_type,BookRestaurant,O O O B-restaurant_name I-served_dish B-location B-location I-location I-location O O B-cuisine I-location
test_499,SearchScreeningEvent,O O B-movie_type O B-location I-location O,SearchScreeningEvent,O O O O B-datetime I-location
test_498,BookRestaurant,O O O B-party_size_number O O B-sort B-restaurant_type B-location B-location I-location B-datetime I-datetime I-datetime I-datetime,BookRestaurant,O O O B-party_size_number O O O O B-location B-location I-location O B-datetime I-datetime I-datetime
test_497,SearchCreativeWork,O B-object_type I-object_type B-object_name I-object_name I-object_name,SearchCreativeWork,O B-object_name I-object_type B-object_name I-object_name
test_496,AddToPlaylist,O O B-music_item O B-playlist I-playlist I-playlist I-playlist I-playlist I-playlist,AddToPlaylist,O O B-music_item O B-playlist I-playlist I-playlist I-playlist I-playlist I-playlist
test_495,BookRestaurant,O O O B-restaurant_name I-restaurant_name O B-location O B-location O B-location I-location,BookRestaurant,O O O B-location I-location O B-location B-location O B-location I-location
test_494,BookRestaurant,O B-sort B-restaurant_type O B-party_size_number O,BookRestaurant,O O B-restaurant_type O B-party_size_number O
test_493,BookRestaurant,O O O B-party_size_description I-party_size_description I-party_size_description O B-restaurant_type O B-datetime I-datetime I-datetime,BookRestaurant,O O O B-party_size_description I-party_size_description I-party_size_description O O O B-datetime I-datetime I-datetime
test_492,SearchCreativeWork,O B-object_type B-object_name I-object_name I-object_name,SearchCreativeWork,O O B-object_name I-object_name I-object_name
test_491,SearchCreativeWork,O O B-object_type I-object_type O O B-object_name I-object_name,SearchCreativeWork,O O B-object_type I-object_type O O B-object_name I-object_name
test_490,RateBook,O B-object_name I-object_name B-rating_value B-rating_unit,RateBook,O B-object_name I-object_name B-rating_value B-rating_unit
test_489,PlayMusic,O O O B-music_item O B-artist,PlayMusic,O O O O O B-artist
test_488,AddToPlaylist,O O B-playlist I-playlist O O O O O B-music_item B-artist I-artist O,AddToPlaylist,O B-playlist I-playlist O O O B-music_item B-artist I-artist
test_487,SearchCreativeWork,O O O B-object_type I-object_type B-object_name I-object_name O,SearchCreativeWork,O O O B-object_name I-object_name I-reminder/todo I-object_name
test_486,AddToPlaylist,O B-music_item O B-playlist I-playlist I-playlist I-playlist,AddToPlaylist,O B-music_item O B-playlist I-playlist I-playlist I-playlist
test_485,AddToPlaylist,O B-entity_name I-entity_name O B-reference O B-playlist,AddToPlaylist,O B-artist I-artist I-artist O B-reference O B-playlist
test_484,weather/find,O O B-location B-condition_description O B-datetime I-datetime,weather/find,O O B-location B-weather/attribute O B-datetime I-datetime
test_483,SearchCreativeWork,O O O O B-object_name I-object_name I-object_name I-object_name O,SearchScreeningEvent,O O O B-movie_name I-movie_name O I-movie_name
test_482,SearchScreeningEvent,O O B-movie_name I-movie_name I-movie_name O B-location,SearchScreeningEvent,O O B-movie_name I-movie_name I-movie_name O B-location
test_481,PlayMusic,O B-genre I-genre O,PlayMusic,O B-playlist I-playlist
test_480,SearchScreeningEvent,O B-object_type I-object_type O B-location I-location,SearchScreeningEvent,O B-object_type I-object_type O B-location I-location
test_479,weather/find,O O O B-location O B-location,weather/find,O O O B-location O B-location
test_478,SearchScreeningEvent,O B-object_type I-object_type O B-location I-location I-location O,SearchScreeningEvent,O B-object_type I-object_type O B-movie_name I-movie_name I-movie_name
test_477,weather/find,O O O B-location O B-datetime I-datetime I-datetime,weather/find,O O O B-location O B-datetime I-datetime I-datetime
test_476,BookRestaurant,O O O O O B-restaurant_name O B-location O,BookRestaurant,O O O O O B-restaurant_type O B-location
test_475,SearchScreeningEvent,O B-movie_type O B-location,SearchScreeningEvent,O B-movie_type O B-location
test_474,SearchScreeningEvent,O O B-object_type B-movie_name O B-object_location_type O,SearchScreeningEvent,O O O B-movie_name O O
test_473,RateBook,O B-object_select B-object_type O B-rating_value O B-best_rating,RateBook,O O B-object_type O B-rating_value I-datetime
test_472,AddToPlaylist,O B-artist O B-reference O B-playlist I-playlist,AddToPlaylist,O B-artist O B-reference O B-playlist I-playlist
test_471,RateBook,O B-object_name I-object_name I-object_name O B-rating_value O B-best_rating O,RateBook,O B-object_name I-object_name I-object_name O B-rating_value O B-best_rating
test_470,SearchScreeningEvent,O O B-movie_name I-movie_name O B-location B-object_location_type O B-datetime O,SearchScreeningEvent,O O B-movie_name I-movie_name O B-location O O B-datetime
test_469,RateBook,O B-object_select B-object_type O B-rating_value O,RateBook,O B-object_select B-object_type O B-rating_value B-rating_unit
test_468,SearchCreativeWork,O O B-object_type O O B-object_name I-object_name O,SearchCreativeWork,O O B-object_type O O B-object_name I-object_name
test_467,AddToPlaylist,O B-entity_name O B-reference O B-playlist,AddToPlaylist,O B-entity_name O B-reference O B-playlist
test_466,AddToPlaylist,O B-music_item B-artist O O B-playlist I-playlist I-playlist,AddToPlaylist,O O B-entity_name O O B-playlist I-playlist I-playlist
test_465,SearchScreeningEvent,O O B-movie_type I-movie_type B-location I-location I-location,SearchScreeningEvent,O O B-movie_name I-movie_name B-movie_name I-movie_name I-movie_name
test_464,RateBook,O B-rating_value B-rating_unit O B-best_rating B-object_name I-object_name I-object_name I-object_name I-object_name,RateBook,O B-rating_value B-rating_unit B-best_rating B-object_name I-object_name I-object_name I-object_name I-object_name
test_463,SearchCreativeWork,O O O B-object_type B-object_name I-object_name O,reminder/show_reminders,O O O O O B-datetime
test_462,PlayMusic,O O O B-playlist I-playlist I-playlist,PlayMusic,O O O O O B-genre O B-datetime
test_461,AddToPlaylist,O O B-music_item O B-reference O B-playlist I-playlist,AddToPlaylist,O O B-music_item O B-reference O B-playlist I-playlist
test_460,BookRestaurant,O O O B-party_size_number,BookRestaurant,O O O B-datetime
test_459,SearchScreeningEvent,O O O B-movie_name I-movie_name B-datetime I-datetime I-datetime,SearchScreeningEvent,O O O B-movie_name I-object_name I-object_name I-movie_name B-datetime
test_458,BookRestaurant,O O O B-restaurant_type B-location O B-location O,BookRestaurant,O O O B-served_dish B-restaurant_type B-location O B-location
test_457,AddToPlaylist,O B-music_item B-artist I-artist O O B-playlist I-playlist,AddToPlaylist,O O B-artist I-artist O O B-playlist I-playlist
test_456,BookRestaurant,O O O O B-location,BookRestaurant,O O O B-served_dish
test_455,SearchCreativeWork,O O B-object_type B-object_name I-object_name I-object_name O,SearchScreeningEvent,O O O O O O
test_454,weather/find,O O B-condition_description O B-location O,weather/find,O O B-weather/attribute O
test_453,BookRestaurant,O O O B-cuisine B-restaurant_type O B-datetime I-datetime O B-location O B-party_size_number O,BookRestaurant,O O O O B-restaurant_type O B-datetime I-datetime O B-cuisine O B-party_size_number O
test_452,PlayMusic,O O O B-artist I-artist O B-datetime,PlayMusic,O O O O B-artist I-artist O B-datetime
test_451,SearchCreativeWork,O O B-object_type O B-object_name I-object_name I-object_name O,SearchCreativeWork,O O O B-object_name I-object_name I-object_name
test_450,RateBook,O B-object_select B-object_type O B-rating_value B-rating_unit,RateBook,O B-object_select B-object_type O B-rating_value B-rating_unit
test_449,PlayMusic,O B-artist I-artist,PlayMusic,O B-artist I-artist
test_448,SearchScreeningEvent,O O O B-movie_name I-movie_name I-movie_name O B-object_location_type,SearchScreeningEvent,O O B-movie_name I-movie_name O O O
test_447,SearchCreativeWork,O O O O B-object_name I-object_name O,SearchCreativeWork,O O O O B-object_name I-object_name
test_446,PlayMusic,O B-playlist I-playlist I-playlist O B-service I-service O,PlayMusic,O O O O B-service O
test_445,SearchCreativeWork,O O O B-object_type B-object_name I-object_name O,SearchCreativeWork,O O O O B-object_name I-object_name
test_444,SearchCreativeWork,O B-object_type I-object_type B-object_name I-object_name,SearchCreativeWork,O O O O O
test_443,SearchScreeningEvent,O O O B-object_type B-location,SearchScreeningEvent,O O O O I-location
test_442,weather/find,O O O O B-location B-datetime I-datetime O,weather/find,O O O O B-location B-datetime I-datetime
test_441,BookRestaurant,O O O O B-party_size_number B-location O B-location I-location O B-restaurant_name I-restaurant_name,BookRestaurant,O O O O B-party_size_number B-location O B-location I-location O B-location
test_440,RateBook,O B-object_select B-object_part_of_series_type B-rating_value B-rating_unit O B-best_rating,RateBook,O B-object_select O B-rating_value B-rating_unit O B-best_rating
test_439,SearchScreeningEvent,O B-movie_type I-movie_type B-location,SearchScreeningEvent,O B-movie_type I-object_type B-location
test_438,PlayMusic,O O O O B-artist I-artist O,PlayMusic,O O O O O B-artist I-artist
test_437,RateBook,O B-object_select B-object_type O B-rating_value O B-best_rating B-rating_unit,RateBook,O O B-object_type O B-rating_value O B-best_rating B-rating_unit
test_436,AddToPlaylist,O B-music_item O B-playlist I-playlist,AddToPlaylist,O B-music_item O B-playlist I-playlist
test_435,SearchScreeningEvent,O O B-movie_name,alarm/time_left_on_alarm,O O O
test_434,BookRestaurant,O O O O B-restaurant_name I-restaurant_name I-restaurant_name O B-location,BookRestaurant,O O O O B-party_size_description I-party_size_description I-served_dish O B-location
test_433,RateBook,O B-object_select B-object_part_of_series_type O B-rating_value B-rating_unit,RateBook,O O O O B-rating_value O
test_432,RateBook,O B-rating_value B-rating_unit B-object_select B-object_type,RateBook,O B-rating_value B-rating_unit B-object_select B-object_type
test_431,RateBook,O B-object_name I-object_name B-rating_value B-rating_unit,RateBook,O B-object_name I-object_name B-rating_value B-rating_unit
test_430,PlayMusic,O B-album I-album O B-artist O,AddToPlaylist,O B-playlist I-artist O I-artist
test_103,alarm/cancel_alarm,O B-reference O,alarm/cancel_alarm,O O O
test_104,reminder/set_reminder,O O B-reminder/todo I-reminder/todo I-reminder/todo I-reminder/todo B-datetime,reminder/set_reminder,O O B-reminder/todo I-reminder/todo I-reminder/todo I-reminder/todo B-datetime
test_105,reminder/cancel_reminder,O B-reference O O B-datetime I-datetime,reminder/cancel_reminder,O O O O B-datetime I-datetime
test_106,reminder/set_reminder,O O B-reminder/todo I-reminder/todo I-reminder/todo I-reminder/todo O B-datetime I-datetime I-datetime I-datetime I-datetime,reminder/set_reminder,O O B-reminder/todo I-reminder/todo I-reminder/todo I-reminder/todo B-datetime B-datetime I-datetime I-datetime I-datetime I-datetime
test_107,reminder/set_reminder,O O B-reminder/todo I-reminder/todo I-reminder/todo I-reminder/todo I-reminder/todo I-reminder/todo I-reminder/todo O B-datetime O,reminder/set_reminder,O O B-reminder/todo I-reminder/todo I-reminder/todo I-reminder/todo I-reminder/todo I-reminder/todo I-reminder/todo O B-datetime I-datetime
test_109,reminder/set_reminder,O O B-datetime B-reminder/todo I-reminder/todo I-reminder/todo O,reminder/set_reminder,O O B-datetime I-reminder/todo I-reminder/todo I-reminder/todo
test_111,weather/find,O O O B-weather/attribute O,weather/find,O O O B-weather/attribute
test_150,reminder/show_reminders,O B-reference I-reference O,reminder/show_reminders,O B-reference I-reference O
test_247,alarm/set_alarm,O O O B-datetime I-datetime I-datetime I-datetime,alarm/set_alarm,O O O B-datetime I-datetime I-datetime I-datetime
test_248,alarm/set_alarm,O O O B-datetime I-datetime I-datetime,alarm/set_alarm,O O O B-datetime O O
test_253,SearchCreativeWork,O O O B-object_type O O B-object_name I-object_name O,SearchCreativeWork,O O O O O O B-object_name I-object_name
test_257,PlayMusic,O B-sort I-sort B-music_item O B-service I-service O B-artist I-artist O,PlayMusic,O O B-music_item B-music_item O B-service O O B-artist I-artist
test_258,weather/find,O O O O B-location O,weather/find,O O O O B-location
test_259,weather/find,O O B-condition_description B-datetime O B-location O,weather/find,O O B-weather/attribute B-datetime O B-location
test_264,BookRestaurant,O O O B-cuisine B-restaurant_type B-location O B-location I-location O B-party_size_number O O B-datetime O,BookRestaurant,O O O B-restaurant_type B-restaurant_type O O O B-location I-location O B-party_size_number O O B-datetime I-datetime I-datetime I-datetime I-datetime I-datetime
test_269,BookRestaurant,O O O B-cuisine B-restaurant_type O B-location O,BookRestaurant,O O O B-cuisine B-restaurant_type O B-location
test_273,weather/find,O O B-location B-location O B-datetime,weather/find,O O B-location B-location O B-datetime I-datetime I-datetime I-datetime I-datetime I-datetime I-datetime I-datetime
test_274,BookRestaurant,O O O B-restaurant_type O B-party_size_description I-party_size_description I-party_size_description O B-location O B-datetime I-datetime O,BookRestaurant,O O B-restaurant_type O O O I-party_size_description O B-location O B-datetime I-datetime
test_285,BookRestaurant,O O O O O B-restaurant_type O O B-served_dish I-served_dish O,BookRestaurant,O O O O O B-restaurant_type O O B-served_dish O O
test_286,RateBook,O B-object_part_of_series_type B-object_name I-object_name I-object_name O B-rating_value B-rating_unit O,RateBook,O O B-object_name I-object_name O B-rating_value B-rating_unit
test_288,SearchScreeningEvent,O O O B-movie_name I-movie_name I-movie_name O B-location B-object_location_type O,SearchScreeningEvent,O O O B-movie_name I-movie_name I-movie_name O B-location O
test_291,SearchScreeningEvent,O O O B-movie_name O B-datetime I-datetime O,SearchScreeningEvent,O O O B-movie_name O B-datetime I-datetime
test_295,weather/find,O O O O O B-location I-location B-datetime I-datetime O,weather/find,O O O O O B-location I-location B-datetime I-datetime
test_299,RateBook,O B-object_name I-object_name O B-rating_value O,RateBook,O B-object_name I-object_name O B-rating_value
test_301,PlayMusic,O B-track I-track O,RateBook,O O O
test_304,PlayMusic,O O O B-service I-service O,PlayMusic,O O O B-service O
test_305,SearchScreeningEvent,O O O B-movie_name O,SearchCreativeWork,O O O B-object_name
test_310,weather/find,O O O B-condition_temperature O O B-location I-location I-location I-location,weather/find,O O O B-weather/attribute O O B-location I-location B-location I-location
test_311,BookRestaurant,O O O O O O B-restaurant_type O B-facility O B-location O,BookRestaurant,O O O O O O B-restaurant_type O B-served_dish O B-location
test_312,PlayMusic,O O O B-music_item B-datetime O,PlayMusic,O O O B-music_item B-datetime
test_313,weather/find,O B-datetime I-datetime I-datetime O B-location,weather/find,O B-datetime I-datetime I-datetime O B-location
test_314,SearchCreativeWork,O O O B-object_type B-object_name O,SearchCreativeWork,O O O B-object_type O
test_315,BookRestaurant,O O O B-party_size_number O O B-location O B-location I-location,BookRestaurant,O O O B-party_size_number O B-location B-location I-location
test_316,weather/find,O O O B-location B-location O,weather/find,O O O B-location B-location
test_321,weather/find,O O O O B-datetime O B-location O,weather/find,O O O B-datetime I-datetime O B-location
test_325,SearchScreeningEvent,O B-movie_type O B-location I-location I-location O,SearchScreeningEvent,O O O B-location I-location I-location
test_330,RateBook,O B-rating_value O B-object_select B-object_type,RateBook,O B-rating_value O O B-object_type
test_345,SearchCreativeWork,O O O B-object_type I-object_type O B-object_name O,SearchCreativeWork,O O O O I-object_name O
test_356,SearchScreeningEvent,O O O B-movie_name I-movie_name O B-location B-object_location_type O,SearchScreeningEvent,O O O B-movie_name I-movie_name O B-location O
test_357,SearchCreativeWork,O O O B-object_name I-object_name I-object_name O,SearchCreativeWork,O O O O O I-object_name
test_360,weather/find,O O O O B-location B-location B-datetime I-datetime O,weather/find,O O O O O B-location B-datetime I-datetime
test_363,weather/find,O O O B-location I-location O B-location,weather/find,O O O O B-location I-location I-location
test_365,BookRestaurant,O O O B-restaurant_type I-restaurant_type O B-party_size_description I-party_size_description I-party_size_description,BookRestaurant,O O O B-restaurant_type B-restaurant_type O B-party_size_description I-party_size_description I-party_size_description
test_366,weather/find,O O B-condition_temperature O B-location B-datetime I-datetime O,weather/find,O O B-weather/attribute O B-location B-datetime I-datetime
test_367,AddToPlaylist,O O O B-artist I-artist O O B-playlist I-playlist,AddToPlaylist,O O B-artist I-artist O O B-playlist I-playlist
test_369_2,BookRestaurant,O O O O B-sort B-restaurant_type,BookRestaurant,O O O O O B-restaurant_type
test_372_1,weather/find,O O O O B-location O,weather/find,O O O O B-location
test_374_1,BookRestaurant,O O O B-party_size_description I-party_size_description I-party_size_description,BookRestaurant,O B-restaurant_type O B-party_size_description O I-party_size_description
test_392,BookRestaurant,O O O B-restaurant_type O B-facility O,BookRestaurant,O O O B-served_dish O B-location
test_417,SearchCreativeWork,O O O B-object_type I-object_type O B-object_name I-object_name O,SearchCreativeWork,O O O I-object_type B-object_name I-object_name
test_418,weather/find,O O B-condition_temperature B-location O O O B-datetime I-datetime,weather/find,O O B-weather/attribute B-location O O B-datetime I-datetime
test_419,BookRestaurant,O O O B-restaurant_type O B-party_size_number O,BookRestaurant,O O O B-restaurant_type O B-party_size_number O
test_420,PlayMusic,O O O B-artist I-artist O B-datetime,PlayMusic,O O O B-music_item B-artist O B-datetime
test_421,RateBook,O B-object_name I-object_name I-object_name I-object_name I-object_name O B-rating_value,RateBook,O B-object_name I-artist I-object_name I-object_name I-object_name O B-rating_value
test_422,AddToPlaylist,O B-music_item O B-reference O B-playlist I-playlist I-playlist,AddToPlaylist,O O O B-reference O B-playlist I-playlist I-playlist
test_423,AddToPlaylist,O B-artist O B-reference O B-playlist I-playlist,AddToPlaylist,O B-artist O B-reference O B-playlist I-playlist
test_424,PlayMusic,O O B-sort O B-artist O B-service I-service,PlayMusic,O O O B-music_item O B-artist O B-service O
test_425,RateBook,O B-object_name I-object_name B-rating_value O O B-best_rating,RateBook,O B-object_name I-object_name B-rating_value O O B-best_rating
test_426,BookRestaurant,O O O B-party_size_number O O B-restaurant_type O B-location,BookRestaurant,O O O B-party_size_number O O B-restaurant_type O B-location
test_427,RateBook,O B-object_select B-object_type B-rating_value O O B-best_rating O,RateBook,O B-object_select B-object_type B-rating_value B-rating_unit O B-best_rating
test_428,PlayMusic,O B-album I-album I-album O B-artist O,alarm/set_alarm,O O O O O O
test_429,PlayMusic,O B-music_item O B-datetime O,SearchScreeningEvent,O I-movie_name O B-datetime I-datetime I-datetime
test_369_1,BookRestaurant,O O O O B-sort B-restaurant_type,BookRestaurant,O O O O O B-restaurant_type
test_370,RateBook,O B-object_select B-object_type O B-rating_value O B-best_rating,RateBook,O B-object_select B-object_type O B-rating_value O B-best_rating
test_371,SearchScreeningEvent,O B-object_type I-object_type,SearchScreeningEvent,O B-object_type O
test_372_2,weather/find,O O O O B-location O,weather/find,O O O O B-location
test_373,AddToPlaylist,O O B-music_item O B-playlist I-playlist I-playlist,AddToPlaylist,O O B-music_item O B-playlist I-playlist I-playlist
test_374_2,BookRestaurant,O O O B-party_size_description I-party_size_description I-party_size_description,BookRestaurant,O B-restaurant_type O B-party_size_description O I-party_size_description
test_375,weather/find,O O O O B-location I-location B-datetime I-datetime I-datetime O,weather/find,O O O O B-location I-location B-datetime I-datetime I-datetime B-datetime I-datetime I-datetime I-datetime I-datetime
test_376,RateBook,O B-object_name B-rating_value B-rating_unit O B-best_rating O,RateBook,O B-object_name O B-rating_unit O B-best_rating
test_377,RateBook,B-object_part_of_series_type B-object_name I-object_name I-object_name O B-rating_value B-rating_unit O B-best_rating,RateBook,B-object_name I-object_name I-object_name I-object_name O B-rating_value B-rating_unit O B-best_rating
test_378,SearchScreeningEvent,O O B-object_type I-object_type O B-location I-location,SearchScreeningEvent,O O O O O B-location I-location
test_379,SearchScreeningEvent,O B-object_type I-object_type B-location,SearchScreeningEvent,O B-object_type I-object_type B-location
test_380,AddToPlaylist,O O B-music_item O O B-playlist I-playlist,AddToPlaylist,O O B-music_item O O B-playlist I-playlist
test_381,BookRestaurant,O O O B-party_size_number O O B-cuisine B-restaurant_type O B-location,BookRestaurant,O O O B-party_size_number O O O B-restaurant_type O B-location
test_382,RateBook,O B-object_part_of_series_type B-object_name B-rating_value B-rating_unit O,RateBook,O B-object_name I-object_name B-rating_value B-rating_unit
test_383,AddToPlaylist,O B-entity_name I-entity_name I-entity_name I-entity_name I-entity_name O B-reference O B-playlist I-playlist,AddToPlaylist,O B-entity_name I-entity_name I-entity_name I-entity_name I-entity_name O B-reference O B-playlist I-playlist
test_384,SearchScreeningEvent,O O B-object_type O B-movie_type I-movie_type O B-location,SearchScreeningEvent,O O B-object_type O B-movie_type I-object_type O B-location
test_385,SearchCreativeWork,O O O B-object_type O O B-object_name I-object_name I-object_name I-object_name O,SearchCreativeWork,O O O O O B-object_name O O I-location
test_386,weather/find,O O B-condition_description O B-location I-location O B-datetime O,weather/find,O B-weather/attribute O O B-location I-location O B-datetime I-datetime I-datetime I-datetime
test_387,SearchScreeningEvent,O O O B-movie_name I-movie_name I-movie_name I-movie_name I-movie_name I-movie_name,SearchScreeningEvent,O O O B-movie_name I-movie_name I-movie_name I-movie_name I-movie_name B-datetime
test_388,AddToPlaylist,O B-music_item B-artist O B-playlist I-playlist,AddToPlaylist,O B-music_item B-entity_name O B-playlist I-playlist
test_389,SearchCreativeWork,O O O O O B-object_name,SearchCreativeWork,O O O O O B-object_name
test_390,BookRestaurant,O O B-location B-location I-location,BookRestaurant,O B-restaurant_type B-location O B-location
test_391,SearchScreeningEvent,O O B-movie_name I-movie_name I-movie_name I-movie_name O B-object_location_type B-location,SearchScreeningEvent,O O O O O I-movie_name O O B-location
test_393,BookRestaurant,O O O O B-location B-datetime I-datetime I-datetime,BookRestaurant,O O O O O B-cuisine B-datetime I-datetime I-datetime
test_394,PlayMusic,O B-artist I-artist,alarm/set_alarm,O B-artist I-artist
test_395,SearchScreeningEvent,O B-location B-object_location_type O O O B-movie_name I-movie_name I-movie_name,SearchScreeningEvent,O O B-object_location_type O O B-movie_name I-movie_name I-movie_name
test_396,PlayMusic,O O O O O B-playlist I-playlist I-playlist,AddToPlaylist,O O B-reference O B-playlist I-playlist
test_397,SearchCreativeWork,O O O B-object_type B-object_name I-object_name O,SearchCreativeWork,O O O B-object_name I-object_name
test_398,SearchScreeningEvent,O B-object_type B-object_location_type B-location O,SearchScreeningEvent,O B-object_type O O B-location
test_399,BookRestaurant,O O O O O O B-party_size_number O O B-restaurant_type O B-location,BookRestaurant,O O O O B-restaurant_type O B-party_size_number O O O O B-location
test_400,AddToPlaylist,O O O O B-artist I-artist O B-reference O B-playlist,AddToPlaylist,O O O B-music_item B-artist I-artist O B-reference O B-playlist
test_401,AddToPlaylist,O B-artist I-artist O B-reference O B-playlist,AddToPlaylist,O B-artist I-artist O B-reference O B-playlist
test_402,weather/find,O B-condition_temperature O B-location O B-location O B-datetime I-datetime I-datetime O,weather/find,O O B-weather/attribute O B-location O B-location O B-datetime I-datetime I-datetime
test_403,AddToPlaylist,O B-music_item O O B-playlist I-playlist,AddToPlaylist,O B-music_item O O B-playlist I-playlist
test_404,BookRestaurant,B-datetime I-datetime I-datetime O O O B-restaurant_type B-cuisine O,SearchScreeningEvent,B-datetime I-datetime I-datetime O O O O B-location O
test_405,PlayMusic,O B-music_item B-datetime,PlayMusic,O B-music_item B-datetime
test_406,RateBook,O B-object_select B-object_type B-rating_value B-rating_unit,RateBook,O B-object_select O B-rating_value O
test_407,PlayMusic,O B-sort O B-artist I-artist O,PlayMusic,O B-sort O B-artist I-artist
test_408,weather/find,O O O O B-location O B-location,weather/find,O O O O B-location O B-location
test_409,SearchCreativeWork,O B-object_type O O B-object_name,SearchCreativeWork,O O O O B-object_name
test_410,RateBook,O O B-rating_value B-object_name O,RateBook,O O B-rating_value B-object_part_of_series_type
test_411,RateBook,O B-rating_value B-rating_unit B-object_name I-object_name I-object_name,RateBook,O B-rating_value B-rating_unit O O O
test_412,PlayMusic,O O O B-music_item O B-service I-service O B-artist I-artist,PlayMusic,O O O B-music_item O B-service O O B-artist I-artist
test_413,BookRestaurant,O O O B-datetime O B-party_size_number O O B-location,BookRestaurant,O O O B-datetime I-datetime I-datetime I-datetime I-datetime I-datetime O B-party_size_number O O B-location
test_414,SearchScreeningEvent,B-object_type I-object_type B-movie_type I-movie_type B-location,SearchScreeningEvent,O O B-movie_type I-movie_type B-location
test_415,AddToPlaylist,O B-artist O B-reference O B-playlist I-playlist,AddToPlaylist,O B-entity_name O B-reference O B-playlist I-playlist
test_416,BookRestaurant,O O O B-restaurant_type O B-party_size_number O O B-location O,BookRestaurant,O O O B-restaurant_type O B-party_size_number O O B-location
test_481_1,PlayMusic,O B-genre I-genre O,PlayMusic,O B-playlist I-playlist
test_162,weather/find,O B-weather/attribute O O,weather/find,O B-weather/attribute O
test_163,weather/find,O B-location B-weather/attribute,weather/find,O B-location O
test_164,weather/find,O B-weather/attribute O B-datetime O,weather/find,O B-weather/attribute O B-datetime
test_165,weather/find,O O O B-datetime O B-location,weather/find,O O O B-datetime O B-location
test_166,reminder/show_reminders,O O B-reference I-reference O O B-datetime,reminder/show_reminders,O O B-reference O O O B-datetime
test_167,reminder/set_reminder,O B-recurring_datetime O O B-reminder/todo O,reminder/set_reminder,O O O O B-reminder/todo
test_168,weather/find,O,weather/find,O
test_169,weather/find,O O B-weather/attribute O B-datetime I-datetime O,weather/find,O O B-weather/attribute O B-datetime B-datetime
test_170,weather/find,B-datetime O B-weather/attribute,weather/find,B-datetime O B-weather/attribute
test_171,reminder/set_reminder,O O B-reminder/todo I-reminder/todo I-reminder/todo I-reminder/todo B-datetime I-datetime,reminder/set_reminder,O O I-reminder/todo I-reminder/todo I-reminder/todo I-reminder/todo B-datetime I-datetime
test_172,alarm/cancel_alarm,O O,alarm/cancel_alarm,O O
test_173,alarm/cancel_alarm,O B-reference O,alarm/cancel_alarm,O O O
test_174,weather/find,O O O O B-datetime B-weather/attribute O,weather/find,O O O O B-datetime B-weather/attribute
test_175,weather/find,B-datetime O B-weather/attribute O,weather/find,B-datetime O B-weather/attribute
test_176,alarm/set_alarm,O O O B-datetime I-datetime,alarm/set_alarm,O O O B-datetime I-datetime
test_177,weather/find,O O B-weather/attribute O B-datetime I-datetime O,weather/find,O O B-weather/attribute O B-datetime I-datetime
test_178,reminder/show_reminders,O B-reference O,reminder/show_reminders,O B-reference O
test_179,alarm/cancel_alarm,O O,alarm/cancel_alarm,O O
test_180,alarm/cancel_alarm,O B-reference O,alarm/cancel_alarm,O B-reference O
test_181,alarm/show_alarms,O B-reference O O,alarm/show_alarms,O B-reference O O
test_182,alarm/set_alarm,O O O B-recurring_datetime I-recurring_datetime I-recurring_datetime I-recurring_datetime I-recurring_datetime I-recurring_datetime O,alarm/set_alarm,O O O I-recurring_datetime I-recurring_datetime I-recurring_datetime I-recurring_datetime I-recurring_datetime I-recurring_datetime
test_183,reminder/show_reminders,O O B-reference O O,reminder/show_reminders,O O O O
test_184,alarm/cancel_alarm,O O O B-datetime,alarm/cancel_alarm,O O O B-datetime
test_185,weather/find,O O B-weather/attribute B-datetime O,weather/find,O O B-weather/attribute B-datetime
test_186,weather/find,B-datetime O B-weather/attribute O,weather/find,B-datetime O B-weather/attribute
test_187,reminder/set_reminder,O O B-reminder/todo I-reminder/todo B-datetime I-datetime,reminder/set_reminder,O O B-reminder/todo I-reminder/todo B-datetime I-datetime
test_188,weather/find,B-datetime O B-weather/attribute O,weather/find,B-datetime O B-weather/attribute
test_189,weather/find,O B-datetime O B-weather/attribute O,weather/find,B-datetime I-datetime O B-weather/attribute
test_190,alarm/set_alarm,O O O O O O O O B-recurring_datetime I-recurring_datetime I-recurring_datetime I-recurring_datetime I-recurring_datetime I-recurring_datetime O,alarm/set_alarm,O O O O O O O I-recurring_datetime I-recurring_datetime I-recurring_datetime I-recurring_datetime I-recurring_datetime I-recurring_datetime
test_191,weather/find,B-weather/attribute I-weather/attribute O B-location I-location,weather/find,B-weather/attribute I-weather/attribute O B-location I-location
test_192,alarm/cancel_alarm,O B-reference O,alarm/cancel_alarm,O B-reference O
test_193,alarm/set_alarm,O O O B-recurring_datetime I-recurring_datetime I-recurring_datetime O,alarm/set_alarm,O O O I-recurring_datetime I-recurring_datetime I-recurring_datetime
test_194,reminder/cancel_reminder,O B-reference I-reference O O O O,reminder/cancel_reminder,O O O O O O O
test_195,weather/find,O B-datetime O,weather/find,O B-datetime O
test_196,alarm/set_alarm,O B-reference O,alarm/set_alarm,O O O
test_197,weather/find,O B-datetime B-weather/attribute O,weather/find,O B-datetime B-weather/attribute
test_198,reminder/set_reminder,O O B-reminder/todo I-reminder/todo,reminder/set_reminder,O O B-reminder/todo I-reminder/todo
test_199,weather/find,O O O B-datetime I-datetime B-weather/attribute O,weather/find,O O O B-datetime I-datetime B-weather/attribute
test_200,weather/find,O B-weather/attribute O B-datetime O,weather/find,O B-weather/attribute O B-datetime
test_201,alarm/show_alarms,O O O O B-reference O,alarm/show_alarms,O O O O O O
test_202,weather/find,O B-datetime O O,weather/find,O B-datetime O
test_203,weather/find,B-datetime O B-weather/attribute O,weather/find,B-datetime O B-weather/attribute
test_204,alarm/cancel_alarm,O B-reference O O B-datetime I-datetime I-datetime I-datetime,alarm/cancel_alarm,O O O O B-datetime I-datetime I-datetime I-datetime I-datetime
test_205,reminder/cancel_reminder,O O O B-datetime I-datetime B-reminder/todo,reminder/cancel_reminder,O O O B-reminder/todo O B-reminder/todo B-reminder/todo
test_206,alarm/set_alarm,O O O B-datetime I-datetime I-datetime,alarm/set_alarm,O O O B-datetime I-datetime I-datetime
test_207,alarm/cancel_alarm,O B-reference O O B-datetime,alarm/cancel_alarm,O B-reference O O B-datetime
test_208,reminder/set_reminder,O O B-reminder/todo I-reminder/todo,reminder/set_reminder,O O B-reminder/todo I-reminder/todo
test_209,weather/find,O B-datetime B-weather/attribute I-weather/attribute O,weather/find,O B-datetime B-weather/attribute B-weather/attribute
test_210,weather/find,O O B-datetime B-weather/attribute O B-location O,weather/find,O O B-datetime B-weather/attribute O B-location
test_211,reminder/set_reminder,O O B-datetime,reminder/set_reminder,O O B-datetime
test_212,weather/find,O B-datetime O O B-location,weather/find,O B-datetime O O B-location
test_213,weather/find,O O B-weather/attribute O B-datetime O,weather/find,O O B-weather/attribute B-datetime B-datetime
test_214,weather/find,B-datetime O B-weather/attribute O,weather/find,B-datetime O B-weather/attribute
test_215,weather/find,O O O O B-weather/attribute B-datetime O,weather/find,O O O O B-weather/attribute B-datetime
test_216,reminder/show_reminders,O B-reference O,reminder/show_reminders,O O O
test_217,weather/find,O O O B-datetime,weather/find,O O O B-datetime
test_218,weather/find,B-datetime B-weather/attribute O,weather/find,B-datetime B-weather/attribute
test_219,reminder/cancel_reminder,O B-reference O,reminder/cancel_reminder,O B-reference O
test_220,weather/find,B-weather/attribute O,weather/find,B-weather/attribute
test_221,alarm/set_alarm,O O O B-recurring_datetime I-recurring_datetime I-recurring_datetime I-recurring_datetime I-recurring_datetime,alarm/set_alarm,O O O B-datetime I-datetime I-datetime I-datetime I-datetime
test_222,alarm/set_alarm,O O O B-datetime I-datetime I-datetime,alarm/set_alarm,O O O B-datetime I-datetime I-datetime
test_223,weather/find,O B-weather/attribute B-weather/attribute B-datetime O,weather/find,O O B-weather/attribute B-datetime
test_224,alarm/show_alarms,O B-reference I-reference O,alarm/show_alarms,O B-reference O O
test_225,reminder/show_reminders,O O B-reference I-reference O,reminder/show_reminders,O O B-reference O O
test_226,alarm/cancel_alarm,O B-reference O,alarm/cancel_alarm,O B-reference O
test_227,weather/find,O O B-weather/attribute O B-location I-location O,weather/find,O O B-weather/attribute O B-location I-location
test_228,weather/find,O B-datetime O,weather/find,O B-datetime O
test_229,reminder/cancel_reminder,O B-reference O,reminder/cancel_reminder,O O O
test_230,alarm/time_left_on_alarm,O O O O O O,alarm/time_left_on_alarm,O O O O O
test_428_1,PlayMusic,O B-album I-album I-album O B-artist I-artist O,SearchScreeningEvent,O B-movie_name I-playlist I-playlist I-entity_name I-movie_name I-location
test_428_2,PlayMusic,O B-album I-album O B-artist I-artist O,PlayMusic,O B-playlist O O B-artist I-artist
test_430_1,PlayMusic,O B-album I-album O B-artist I-artist O,alarm/set_alarm,O O O O O I-location
test_313_1,weather/find,O B-datetime I-datetime I-datetime O B-location,weather/find,O B-datetime I-datetime I-datetime O B-location
test_259_1,weather/find,O O B-condition_description B-datetime O B-location O,weather/find,O O B-weather/attribute B-datetime O B-location
test_366_1,weather/find,O O B-condition_temperature O B-location B-datetime I-datetime O,weather/find,O O B-weather/attribute O B-location B-datetime I-datetime
test_269_1,BookRestaurant,O O O B-cuisine B-restaurant_type O B-location O,BookRestaurant,O O O B-cuisine B-restaurant_type O B-location
test_191_1,weather/find,B-weather/attribute I-weather/attribute O B-location I-location,weather/find,B-weather/attribute O O B-location I-location
test_191_2,weather/find,B-weather/attribute I-weather/attribute O B-location I-location,weather/find,B-weather/attribute O O B-location I-location
test_191_3,weather/find,B-weather/attribute I-weather/attribute O B-location I-location,weather/find,B-weather/attribute O O B-location I-location
test_191_4,weather/find,B-weather/attribute I-weather/attribute O B-location I-location,weather/find,B-weather/attribute O O B-location I-location
test_476_1,BookRestaurant,O O O O O B-restaurant_name O B-location O,BookRestaurant,O O O O O B-location O B-location
test_259_2,weather/find,O O B-condition_description B-datetime O B-location O,weather/find,O O B-weather/attribute B-datetime O B-location
test_434_1,BookRestaurant,O O O O B-restaurant_name I-restaurant_name O B-location,BookRestaurant,O O O O B-location B-restaurant_type O B-location
test_204_1,alarm/cancel_alarm,O B-reference O O B-datetime I-datetime I-datetime B-datetime,alarm/cancel_alarm,O O O O B-datetime I-datetime I-datetime I-datetime I-datetime
test_213_1,weather/find,O O B-weather/attribute O B-datetime O,weather/find,O O B-weather/attribute B-datetime B-datetime
test_385_1,SearchCreativeWork,O O B-object_type O O B-object_name I-object_name I-object_name O,SearchCreativeWork,O O O O O B-object_name I-object_name I-object_name
test_385_2,SearchCreativeWork,O O B-object_type O O B-object_name I-object_name O,SearchCreativeWork,O O O O O B-object_name I-object_name
test_385_3,SearchCreativeWork,O O B-object_type O O B-object_name O,SearchCreativeWork,O O O O O B-object_name
test_385_4,SearchCreativeWork,O O B-object_type O O B-object_name I-object_name I-object_name O,SearchCreativeWork,O O O O O B-object_name I-object_name I-object_name
test_385_5,SearchCreativeWork,O O B-object_type O O B-object_name I-object_name I-object_name O,SearchCreativeWork,O O O O O B-object_name I-object_name I-object_name
test_415_1,AddToPlaylist,O B-artist O B-reference O B-playlist I-playlist,AddToPlaylist,O B-entity_name O B-reference O B-playlist I-playlist
test_472_1,AddToPlaylist,O B-artist O B-reference O B-playlist I-playlist,AddToPlaylist,O B-artist B-reference O B-playlist I-playlist
test_422_1,AddToPlaylist,O B-music_item O B-reference O B-playlist I-playlist,AddToPlaylist,O B-music_item O B-reference O B-playlist I-playlist
test_403_1,AddToPlaylist,O B-music_item O O B-playlist I-playlist I-playlist,AddToPlaylist,O B-music_item O O B-playlist I-playlist I-playlist
test_415_2,AddToPlaylist,O B-artist O B-reference O B-playlist I-playlist I-playlist I-playlist,AddToPlaylist,O B-entity_name O B-reference O B-playlist I-playlist I-playlist I-playlist
test_476_2,BookRestaurant,O O O O O B-restaurant_name O B-location O,BookRestaurant,O O O O O B-location O B-location
test_495_1,BookRestaurant,O O O B-restaurant_name O B-location O B-location O B-location I-location,BookRestaurant,O O O B-served_dish O B-location B-location O B-location I-location
test_286_1,RateBook,O B-object_part_of_series_type B-object_name I-object_name O B-rating_value B-rating_unit O,RateBook,O O B-object_name I-object_name O B-rating_value B-rating_unit
test_286_2,RateBook,O B-object_part_of_series_type B-object_name O B-rating_value B-rating_unit O,RateBook,O O B-object_name O B-rating_value B-rating_unit
test_286_3,RateBook,O B-object_part_of_series_type B-object_name O B-rating_value B-rating_unit O,RateBook,O O B-object_name O B-rating_value B-rating_unit
test_286_4,RateBook,O B-object_part_of_series_type B-object_name I-object_name O B-rating_value B-rating_unit O,RateBook,O O B-object_name I-object_name O B-rating_value B-rating_unit
test_286_5,RateBook,O B-object_part_of_series_type B-object_name I-object_name I-object_name O B-rating_value B-rating_unit O,RateBook,O O B-object_name I-object_name I-object_name O B-rating_value B-rating_unit
test_453_1,BookRestaurant,O O O B-cuisine B-restaurant_type O B-datetime I-datetime O B-location I-location O B-party_size_number O,BookRestaurant,O O O O B-restaurant_type O B-datetime I-datetime O B-location I-location O B-party_size_number O
test_212_1,weather/find,O B-datetime O O B-location,weather/find,O B-datetime O O B-location
test_409_1,SearchCreativeWork,O B-object_type O O B-object_name I-object_name I-object_name I-object_name I-object_name I-object_name,SearchCreativeWork,O B-object_type O O B-object_name I-object_name I-object_name I-object_name I-object_name I-object_name
test_186_1,weather/find,B-datetime O B-weather/attribute O,weather/find,B-datetime O B-weather/attribute
test_186_2,weather/find,B-datetime O B-weather/attribute O,weather/find,B-datetime O B-weather/attribute
test_177_1,weather/find,O O B-weather/attribute O B-datetime I-datetime O,weather/find,O O B-weather/attribute O B-datetime I-datetime
test_175_1,weather/find,B-datetime O B-weather/attribute O,weather/find,B-datetime O B-weather/attribute
test_175_2,weather/find,B-datetime O B-weather/attribute O,weather/find,B-datetime O B-weather/attribute
test_497_1,SearchCreativeWork,O B-object_type I-object_type B-object_name I-object_name I-object_name,SearchScreeningEvent,O O I-object_type B-datetime O O
test_455_1,SearchCreativeWork,O O B-object_type B-object_name I-object_name I-object_name O,SearchCreativeWork,O O O I-object_name I-object_name I-object_name
test_417_1,SearchCreativeWork,O O B-object_type I-object_type O B-object_name I-object_name O,SearchCreativeWork,O O O I-object_type B-object_name I-object_name
test_345_1,SearchCreativeWork,O O O B-object_type I-object_type O B-object_name O,SearchCreativeWork,O O O O I-object_type O
test_382_1,RateBook,O B-object_part_of_series_type B-object_name I-object_name I-object_name B-rating_value B-rating_unit O,RateBook,O B-object_part_of_series_type I-object_name I-object_name I-object_name B-rating_value B-rating_unit
test_409_2,SearchCreativeWork,O B-object_type O O B-object_name I-object_name I-object_name I-object_name I-object_name,SearchCreativeWork,O O O O B-movie_name I-movie_name I-movie_name I-movie_name I-movie_name
test_253_1,SearchCreativeWork,O O O B-object_type O O B-object_name I-object_name O,SearchCreativeWork,O O O O O O B-object_name I-object_name
test_253_2,SearchCreativeWork,O O O B-object_type O O B-object_name I-object_name I-object_name O,SearchCreativeWork,O O O O O O B-object_name I-object_name I-object_name
test_253_3,SearchCreativeWork,O O O B-object_type O O B-object_name O,SearchCreativeWork,O O O O O O B-object_name I-object_name
test_409_3,SearchCreativeWork,O B-object_type O O B-object_name I-object_name,SearchCreativeWork,O O O O B-object_name I-object_name
test_409_4,SearchCreativeWork,O B-object_type O O B-object_name I-object_name I-object_name,SearchCreativeWork,O B-object_type O O B-object_name I-object_name I-object_name
test_417_2,SearchCreativeWork,O O B-object_type I-object_type O B-object_name O,SearchCreativeWork,O O O I-object_type B-object_name
test_459_1,SearchScreeningEvent,O O O B-movie_name B-datetime I-datetime I-datetime,SearchScreeningEvent,O O O B-movie_name I-movie_name I-movie_name B-datetime
test_291_1,SearchScreeningEvent,O O O B-movie_name I-movie_name O B-datetime I-datetime O,SearchScreeningEvent,O O O B-movie_name I-movie_name O B-datetime I-datetime
test_459_2,SearchScreeningEvent,O O O B-movie_name I-movie_name I-movie_name B-datetime I-datetime I-datetime,SearchScreeningEvent,O O O B-movie_name I-movie_name I-reminder/todo I-reminder/todo I-movie_name I-datetime
test_459_3,SearchScreeningEvent,O O O B-movie_name I-movie_name I-movie_name I-movie_name I-movie_name B-datetime I-datetime I-datetime,weather/find,O O O O O O O O O O I-datetime
test_382_2,RateBook,O B-object_part_of_series_type B-object_name B-rating_value B-rating_unit O,RateBook,O B-object_type I-object_name B-rating_value B-rating_unit
test_291_2,SearchScreeningEvent,O O O B-movie_name O B-datetime I-datetime O,SearchScreeningEvent,O O O B-movie_name O B-datetime I-datetime
test_382_3,RateBook,O B-object_part_of_series_type B-object_name I-object_name B-rating_value B-rating_unit O,BookRestaurant,O B-facility B-restaurant_type B-cuisine B-rating_value I-datetime
test_459_4,SearchScreeningEvent,O O O B-movie_name B-datetime I-datetime I-datetime,SearchScreeningEvent,O O O B-object_name I-reminder/todo I-reminder/todo B-datetime
test_291_3,SearchScreeningEvent,O O O B-movie_name I-movie_name O B-datetime I-datetime O,SearchScreeningEvent,O O O B-movie_name I-movie_name O B-datetime I-datetime
test_295_1,weather/find,O O O O O B-location I-location I-location B-datetime I-datetime O,weather/find,O O O O O B-location O I-location B-datetime I-datetime
test_393_1,BookRestaurant,O O O O B-location I-location B-datetime I-datetime I-datetime,BookRestaurant,O O O O O B-location I-location B-datetime I-datetime I-datetime
test_489_1,PlayMusic,O O O B-music_item O B-artist I-artist,PlayMusic,O O O O O B-playlist I-album
test_449_1,PlayMusic,O B-artist I-artist,alarm/set_alarm,O O I-artist
test_423_1,AddToPlaylist,O B-artist I-artist O B-reference O B-playlist I-playlist,AddToPlaylist,O B-artist I-artist O B-reference O B-playlist I-playlist
test_489_2,PlayMusic,O O O B-music_item O B-artist,PlayMusic,O O O O O B-artist
test_407_1,PlayMusic,O B-sort O B-artist I-artist O,PlayMusic,O B-sort O B-artist I-artist
test_449_2,PlayMusic,O B-artist I-artist,PlayMusic,O B-artist I-artist
test_449_3,PlayMusic,O B-artist,alarm/set_alarm,O O
test_424_1,PlayMusic,O O B-sort O B-artist I-artist O B-service I-service,PlayMusic,O O B-music_item O B-artist I-artist O B-service O
test_424_2,PlayMusic,O O B-sort O B-artist O B-service I-service,PlayMusic,O O O B-music_item O B-artist O B-service O
test_442_1,weather/find,O O O O B-location B-datetime I-datetime O,weather/find,O O O O B-location B-datetime I-datetime
test_313_2,weather/find,O B-datetime I-datetime I-datetime O B-location,weather/find,O B-datetime I-datetime I-datetime O B-location
test_416_1,BookRestaurant,O O O B-restaurant_type O B-party_size_number O O B-location O,BookRestaurant,O O O B-restaurant_type O B-party_size_number O O B-location
test_366_2,weather/find,O O B-condition_temperature O B-location B-datetime I-datetime O,weather/find,O O B-weather/attribute O B-location B-datetime I-datetime
test_273_1,weather/find,O O B-location B-location O B-datetime,weather/find,O O B-location B-location O B-datetime I-datetime I-datetime I-datetime I-datetime I-datetime I-datetime I-datetime
test_286_6,RateBook,O B-object_part_of_series_type B-object_name I-object_name O B-rating_value B-rating_unit O,RateBook,O O B-object_name I-playlist O B-rating_value B-rating_unit
test_286_7,RateBook,O B-object_part_of_series_type B-object_name I-object_name I-object_name O B-rating_value B-rating_unit O,RateBook,O O B-object_name I-object_name I-object_name O B-rating_value B-rating_unit
test_409_5,SearchCreativeWork,O B-object_type O O B-object_name I-object_name,SearchCreativeWork,O O O O B-object_name I-object_name
test_409_6,SearchCreativeWork,O B-object_type O O B-object_name,SearchCreativeWork,O B-object_type O O B-object_name I-object_name I-object_name
test_253_4,SearchCreativeWork,O O O B-object_type O O B-object_name O,SearchCreativeWork,O O O O O O B-object_name
test_253_5,SearchCreativeWork,O O O B-object_type O O B-object_name I-object_name O,SearchCreativeWork,O O O B-object_type I-object_type O O B-object_name B-datetime I-datetime I-datetime I-datetime
test_409_7,SearchCreativeWork,O B-object_type O O B-object_name,SearchCreativeWork,O O O O B-object_name
test_409_8,SearchCreativeWork,O B-object_type O O B-object_name I-object_name I-object_name I-object_name,SearchCreativeWork,O O O O B-object_name I-object_name I-object_name I-object_name
test_409_9,SearchCreativeWork,O B-object_type O O B-object_name I-object_name I-object_name I-object_name,SearchCreativeWork,O O O O B-object_name I-object_name I-object_name I-object_name
test_253_6,SearchCreativeWork,O O O B-object_type O O B-object_name I-object_name I-object_name O,SearchCreativeWork,O O O O O O B-object_name I-object_name I-object_name
test_253_7,SearchCreativeWork,O O O B-object_type O O B-object_name I-object_name O,SearchCreativeWork,O O O B-object_type I-object_type O O B-object_name I-object_name
test_253_8,SearchCreativeWork,O O O B-object_type O O B-object_name I-object_name O,SearchCreativeWork,O O O O O O B-object_name I-object_name
test_409_10,SearchCreativeWork,O B-object_type O O B-object_name I-object_name,SearchCreativeWork,O O O O B-object_name I-object_name
test_253_9,SearchCreativeWork,O O O B-object_type O O B-object_name O,SearchCreativeWork,O O O O O O B-object_name
test_409_11,SearchCreativeWork,O B-object_type O O B-object_name,SearchCreativeWork,O O O O B-object_name
test_409_12,SearchCreativeWork,O B-object_type O O B-object_name,SearchCreativeWork,O O O O B-object_name O
test_253_10,SearchCreativeWork,O O O B-object_type O O B-object_name I-object_name I-object_name I-object_name O,SearchCreativeWork,O O O B-object_type I-object_type O O B-object_name I-object_name I-object_name I-object_name
test_253_11,SearchCreativeWork,O O O B-object_type O O B-object_name I-object_name I-object_name O,SearchCreativeWork,O O O O O O B-object_name I-object_name I-object_name
test_409_13,SearchCreativeWork,O B-object_type O O B-object_name I-object_name,SearchCreativeWork,O O O O B-object_name I-object_name
test_253_12,SearchCreativeWork,O O O B-object_type O O B-object_name I-object_name O,SearchCreativeWork,O O O O O O B-movie_name I-movie_name
test_409_14,SearchCreativeWork,O B-object_type O O B-object_name I-object_name,SearchCreativeWork,O O O O B-object_name I-object_name
test_409_15,SearchCreativeWork,O B-object_type O O B-object_name I-object_name,SearchCreativeWork,O O O O B-object_name I-object_name
test_409_16,SearchCreativeWork,O B-object_type O O B-object_name I-object_name I-object_name I-object_name,SearchCreativeWork,O O O O B-object_name I-object_name I-object_name I-object_name
test_253_13,SearchCreativeWork,O O O B-object_type O O B-object_name I-object_name I-object_name O,SearchCreativeWork,O O O O O O B-object_name I-object_name I-object_name
test_409_17,SearchCreativeWork,O B-object_type O O B-object_name I-object_name,SearchCreativeWork,O O O O B-object_name I-object_name
test_253_14,SearchCreativeWork,O O O B-object_type O O B-object_name I-object_name I-object_name I-object_name I-object_name O,SearchCreativeWork,O O O O O O B-object_name I-object_name I-object_name I-object_name I-object_name
test_409_18,SearchCreativeWork,O B-object_type O O B-object_name I-object_name,SearchCreativeWork,O O O O B-object_name I-object_name
test_409_19,SearchCreativeWork,O B-object_type O O B-object_name I-object_name I-object_name I-object_name I-object_name,SearchCreativeWork,O B-object_type O O B-object_name I-movie_name I-object_name I-object_name I-movie_name
test_409_20,SearchCreativeWork,O B-object_type O O B-object_name,SearchCreativeWork,O B-object_type O O O
test_253_15,SearchCreativeWork,O O O B-object_type O O B-object_name I-object_name I-object_name I-object_name O,SearchCreativeWork,O O O O O O B-object_name I-object_name I-object_name I-object_name
test_253_16,SearchCreativeWork,O O O B-object_type O O B-object_name I-object_name I-object_name I-object_name O,SearchCreativeWork,O O O O O O B-object_name I-object_name I-object_name I-object_name
test_253_17,SearchCreativeWork,O O O B-object_type O O B-object_name I-object_name I-object_name I-object_name O,SearchCreativeWork,O O O O O O B-object_name I-entity_name I-object_name I-object_name
test_409_21,SearchCreativeWork,O B-object_type O O B-object_name I-object_name I-object_name,SearchCreativeWork,O O O O B-object_name I-object_name I-object_name I-object_name
test_409_22,SearchCreativeWork,O B-object_type O O B-object_name I-object_name I-object_name,SearchCreativeWork,O O O O B-playlist I-playlist I-playlist I-album
test_409_23,SearchCreativeWork,O B-object_type O O B-object_name I-object_name I-object_name,SearchCreativeWork,O B-object_type O O B-object_name I-object_name I-object_name
test_253_18,SearchCreativeWork,O O O B-object_type O O B-object_name I-object_name I-object_name O,SearchCreativeWork,O O O B-object_type O O B-object_name I-movie_name I-movie_name
test_409_24,SearchCreativeWork,O B-object_type O O B-object_name I-object_name,SearchCreativeWork,O O O O B-object_name I-object_name
test_409_25,SearchCreativeWork,O B-object_type O O B-object_name I-object_name,SearchCreativeWork,O B-object_type O O B-object_name I-object_name
test_253_19,SearchCreativeWork,O O O B-object_type O O B-object_name I-object_name I-object_name I-object_name O,SearchCreativeWork,O O O O O O B-object_name I-object_name I-object_name I-object_name
test_417_3,SearchCreativeWork,O O B-object_type I-object_type O B-object_name I-object_name I-object_name O,SearchCreativeWork,O O O I-object_type B-object_name I-object_name I-object_name
test_345_2,SearchCreativeWork,O O O B-object_type I-object_type O B-object_name I-object_name I-object_name O,SearchCreativeWork,O O O B-object_name I-object_type B-object_name I-object_name I-object_name
test_345_3,SearchCreativeWork,O O O B-object_type I-object_type O B-object_name I-object_name O,SearchCreativeWork,O O O B-object_name I-object_type B-object_name I-object_name
test_345_4,SearchCreativeWork,O O O B-object_type I-object_type O B-object_name I-object_name O,SearchCreativeWork,O O B-object_name I-object_type B-object_name I-object_name
test_345_5,SearchCreativeWork,O O O B-object_type I-object_type O B-object_name I-object_name O,SearchCreativeWork,O O O O I-object_type B-object_name I-object_name
test_345_6,SearchCreativeWork,O O O B-object_type I-object_type O B-object_name I-object_name O,SearchCreativeWork,O O O B-object_name I-object_name O O
test_345_7,SearchCreativeWork,O O O B-object_type I-object_type O B-object_name I-object_name O,SearchCreativeWork,O O O O I-object_name O I-object_name
test_497_2,SearchCreativeWork,O B-object_type I-object_type B-object_name,SearchCreativeWork,O O I-object_type O
test_455_2,SearchCreativeWork,O O B-object_type B-object_name I-object_name O,SearchCreativeWork,O O O B-object_name I-object_name I-object_name
test_417_4,SearchCreativeWork,O O B-object_type I-object_type O B-object_name I-object_name I-object_name O,SearchCreativeWork,O O O I-object_type O O O
test_291_4,SearchScreeningEvent,O O O B-movie_name O B-datetime I-datetime O,SearchScreeningEvent,O O O B-movie_name O B-datetime I-datetime
test_382_4,RateBook,O B-object_part_of_series_type B-object_name I-object_name I-object_name B-rating_value B-rating_unit O,RateBook,O B-object_part_of_series_type I-object_name B-datetime I-object_name B-rating_value B-rating_unit
test_382_5,RateBook,O B-object_part_of_series_type B-object_name B-rating_value B-rating_unit O,RateBook,O B-object_type I-object_name B-rating_value B-rating_unit
test_291_5,SearchScreeningEvent,O O O B-movie_name I-movie_name I-movie_name O B-datetime I-datetime O,weather/find,O O O O O O O B-datetime I-datetime
test_382_6,RateBook,O B-object_part_of_series_type B-object_name B-rating_value B-rating_unit O,RateBook,O B-object_type I-object_name B-rating_value B-rating_unit
test_382_7,RateBook,O B-object_part_of_series_type B-object_name B-rating_value B-rating_unit O,RateBook,O B-object_type I-object_name B-rating_value B-rating_unit
test_291_6,SearchScreeningEvent,O O O B-movie_name O B-datetime I-datetime O,SearchScreeningEvent,O O O B-movie_name O B-datetime I-datetime
test_382_8,RateBook,O B-object_part_of_series_type B-object_name B-rating_value B-rating_unit O,RateBook,O B-object_type I-object_name B-rating_value B-rating_unit
test_291_7,SearchScreeningEvent,O O O B-movie_name I-movie_name O B-datetime I-datetime O,SearchScreeningEvent,O O O B-movie_name I-movie_name O B-datetime I-datetime
test_269_2,BookRestaurant,O O O B-cuisine B-restaurant_type O B-location O,BookRestaurant,O O O B-cuisine B-restaurant_type O B-location
test_212_2,weather/find,O B-datetime O O B-location,weather/find,O B-datetime O O B-location
test_366_3,weather/find,O O B-condition_temperature O B-location B-datetime I-datetime O,weather/find,O O B-weather/attribute O B-location B-datetime I-datetime
test_321_1,weather/find,O O O O B-datetime O B-location O,weather/find,O O O B-datetime I-datetime O B-location
test_442_2,weather/find,O O O O B-location B-datetime I-datetime O,weather/find,O O O O B-location B-datetime I-datetime
test_372_3,weather/find,O O O O B-location O,weather/find,O O O O B-location
test_310_1,weather/find,O O O B-condition_temperature O O B-location,weather/find,O O O B-weather/attribute O O B-location
test_274_1,BookRestaurant,O O O B-restaurant_type O B-party_size_description I-party_size_description I-party_size_description O B-location O B-datetime I-datetime O,BookRestaurant,O O O B-restaurant_type O O B-served_dish O B-location O B-datetime I-datetime
test_442_3,weather/find,O O O O B-location B-datetime I-datetime O,weather/find,O O O O B-location B-datetime I-datetime
test_321_2,weather/find,O O O O B-datetime O B-location O,weather/find,O O O B-datetime I-datetime O B-location
test_399_1,BookRestaurant,O O O O O O B-party_size_number O O B-restaurant_type O B-location,BookRestaurant,O O O O B-restaurant_type O B-party_size_number O O O O B-location
test_399_2,BookRestaurant,O O O O O O B-party_size_number O O B-restaurant_type O B-location,BookRestaurant,O O O O B-restaurant_type O B-party_size_number O O O O B-location
test_269_3,BookRestaurant,O O O B-cuisine B-restaurant_type O B-location O,BookRestaurant,O O O B-restaurant_name B-restaurant_type O B-location
test_366_4,weather/find,O O B-condition_temperature O B-location B-datetime I-datetime O,weather/find,O O B-weather/attribute O B-location B-datetime I-datetime
test_259_3,weather/find,O O B-condition_description B-datetime O B-location O,weather/find,O O B-weather/attribute B-datetime O B-location
test_310_2,weather/find,O O O B-condition_temperature O O B-location,weather/find,O O O B-weather/attribute O O B-location
test_273_2,weather/find,O O B-location B-location O B-datetime,weather/find,O O B-location B-location O B-datetime I-datetime I-datetime I-datetime I-datetime I-datetime I-datetime I-datetime
test_366_5,weather/find,O O B-condition_temperature O B-location B-datetime I-datetime O,weather/find,O O B-weather/attribute O B-location I-location B-datetime I-datetime
test_402_1,weather/find,O B-condition_temperature O B-location O B-location O B-datetime I-datetime I-datetime O,weather/find,O O B-weather/attribute O B-location O B-location O B-datetime I-datetime I-datetime
test_404_1,BookRestaurant,B-datetime I-datetime I-datetime O O O B-restaurant_type B-cuisine O,BookRestaurant,B-datetime I-datetime I-datetime O O O O B-cuisine O
test_264_1,BookRestaurant,O O O B-cuisine B-restaurant_type B-location O B-location I-location O B-party_size_number O O B-datetime O,BookRestaurant,O O O B-restaurant_type B-restaurant_type O O O B-location I-location O B-party_size_number O O B-datetime I-datetime I-datetime I-datetime I-datetime I-datetime
test_285_1,BookRestaurant,O O O O O B-restaurant_type O O B-served_dish I-served_dish I-served_dish I-served_dish I-served_dish I-served_dish O,BookRestaurant,O O O O O B-restaurant_type O O B-restaurant_type O B-served_dish O O B-served_dish
test_285_2,BookRestaurant,O O O O O B-restaurant_type O O B-served_dish O,BookRestaurant,O O O O O B-restaurant_type O O B-served_dish
test_285_3,BookRestaurant,O O O O O B-restaurant_type O O B-served_dish I-served_dish I-served_dish O,BookRestaurant,O O O O O B-restaurant_type O O B-served_dish O I-served_dish
test_285_4,BookRestaurant,O O O O O B-restaurant_type O O B-served_dish I-served_dish I-served_dish I-served_dish I-served_dish I-served_dish O,BookRestaurant,O O O O O B-restaurant_type O O B-served_dish I-reminder/todo I-served_dish O B-served_dish I-served_dish
test_285_5,BookRestaurant,O O O O O B-restaurant_type O O B-served_dish I-served_dish I-served_dish I-served_dish O,BookRestaurant,O O O O O B-restaurant_type O O B-served_dish I-served_dish I-served_dish O O
test_285_6,BookRestaurant,O O O O O B-restaurant_type O O B-served_dish I-served_dish I-served_dish I-served_dish I-served_dish I-served_dish I-served_dish O,BookRestaurant,O O O O O B-restaurant_type O O B-served_dish I-served_dish O B-served_dish O B-location I-location
test_285_7,BookRestaurant,O O O O O B-restaurant_type O O B-served_dish I-served_dish I-served_dish I-served_dish I-served_dish I-served_dish O,BookRestaurant,O O O O O B-restaurant_type O O B-served_dish O B-served_dish I-location O B-served_dish
test_285_8,BookRestaurant,O O O O O B-restaurant_type O O B-served_dish I-served_dish I-served_dish I-served_dish I-served_dish I-served_dish I-served_dish O,BookRestaurant,O O O O O B-restaurant_type O O B-served_dish I-served_dish I-served_dish I-location O B-cuisine I-served_dish
test_285_9,BookRestaurant,O O O O O B-restaurant_type O O B-served_dish I-served_dish I-served_dish I-served_dish I-served_dish I-served_dish I-served_dish I-served_dish I-served_dish I-served_dish O,BookRestaurant,O O O O O B-restaurant_type O O B-served_dish I-served_dish I-served_dish O B-served_dish I-served_dish I-served_dish O B-location O
test_285_10,BookRestaurant,O O O O O B-restaurant_type O O B-served_dish I-served_dish O,BookRestaurant,O O O O O B-restaurant_type O O B-cuisine B-restaurant_type
test_285_11,BookRestaurant,O O O O O B-restaurant_type O O B-served_dish I-served_dish I-served_dish I-served_dish I-served_dish I-served_dish I-served_dish O,BookRestaurant,O O O O O B-restaurant_type O O B-served_dish O B-served_dish I-served_dish O B-cuisine I-served_dish
test_285_12,BookRestaurant,O O O O O B-restaurant_type O O B-served_dish I-served_dish O,BookRestaurant,O O O O O B-restaurant_type O O B-cuisine B-restaurant_type
test_285_13,BookRestaurant,O O O O O B-restaurant_type O O B-served_dish I-served_dish I-served_dish O,BookRestaurant,O O O O O B-restaurant_type O O B-served_dish O I-served_dish
test_285_14,BookRestaurant,O O O O O B-restaurant_type O O B-served_dish I-served_dish I-served_dish I-served_dish I-served_dish I-served_dish I-served_dish I-served_dish O,BookRestaurant,O O O O O B-restaurant_type O O B-served_dish I-served_dish I-served_dish I-location O B-served_dish O B-served_dish
test_285_15,BookRestaurant,O O O O O B-restaurant_type O O B-served_dish I-served_dish I-served_dish I-served_dish I-served_dish I-served_dish I-served_dish O,BookRestaurant,O O O O O B-restaurant_type O O B-served_dish O B-party_size_number O I-served_dish O O
test_285_16,BookRestaurant,O O O O O B-restaurant_type O O B-served_dish I-served_dish I-served_dish I-served_dish O,BookRestaurant,O O O O O B-restaurant_type O O B-served_dish O I-party_size_description I-served_dish
test_285_17,BookRestaurant,O O O O O B-restaurant_type O O B-served_dish I-served_dish I-served_dish O,BookRestaurant,O O O O O B-restaurant_type O O B-served_dish O B-served_dish
test_285_18,BookRestaurant,O O O O O B-restaurant_type O O B-served_dish O,BookRestaurant,O O O O O B-restaurant_type O O B-served_dish
test_285_19,BookRestaurant,O O O O O B-restaurant_type O O B-served_dish I-served_dish I-served_dish O,BookRestaurant,O O O O O B-restaurant_type O O B-served_dish I-served_dish I-served_dish
test_285_20,BookRestaurant,O O O O O B-restaurant_type O O B-served_dish I-served_dish O,BookRestaurant,O O O O O B-restaurant_type O O B-served_dish I-served_dish
test_285_21,BookRestaurant,O O O O O B-restaurant_type O O B-served_dish I-served_dish I-served_dish O,BookRestaurant,O O O O O B-restaurant_type O O B-served_dish I-reminder/todo O
test_285_22,BookRestaurant,O O O O O B-restaurant_type O O B-served_dish I-served_dish I-served_dish O,BookRestaurant,O O O O O B-restaurant_type O O B-served_dish I-reminder/todo I-served_dish
test_285_23,BookRestaurant,O O O O O B-restaurant_type O O B-served_dish I-served_dish I-served_dish I-served_dish O,BookRestaurant,O O O O O B-restaurant_type O O B-served_dish O B-served_dish I-served_dish
test_285_24,BookRestaurant,O O O O O B-restaurant_type O O B-served_dish I-served_dish I-served_dish O,BookRestaurant,O O O O O B-restaurant_type O O B-served_dish O B-served_dish
test_285_25,BookRestaurant,O O O O O B-restaurant_type O O B-served_dish I-served_dish I-served_dish I-served_dish O,BookRestaurant,O O O O O B-restaurant_type O O B-restaurant_type O B-sort O
test_285_26,BookRestaurant,O O O O O B-restaurant_type O O B-served_dish I-served_dish I-served_dish O,BookRestaurant,O O O O O B-restaurant_type O O B-served_dish I-served_dish I-served_dish
test_285_27,BookRestaurant,O O O O O B-restaurant_type O O B-served_dish I-served_dish O,BookRestaurant,O O O O O B-restaurant_type O O B-served_dish I-served_dish
test_285_28,BookRestaurant,O O O O O B-restaurant_type O O B-served_dish I-served_dish O,BookRestaurant,O O O O O B-restaurant_type O O B-served_dish B-served_dish
test_285_29,BookRestaurant,O O O O O B-restaurant_type O O B-served_dish I-served_dish I-served_dish I-served_dish I-served_dish I-served_dish O,BookRestaurant,O O O O O B-restaurant_type O O B-served_dish O B-cuisine I-served_dish O B-location
test_285_30,BookRestaurant,O O O O O B-restaurant_type O O B-served_dish I-served_dish O,BookRestaurant,O O O O O B-restaurant_type O O B-served_dish I-served_dish
test_285_31,BookRestaurant,O O O O O B-restaurant_type O O B-served_dish I-served_dish I-served_dish O,BookRestaurant,O O O O O B-restaurant_type O O B-served_dish I-served_dish O B-location
test_285_32,BookRestaurant,O O O O O B-restaurant_type O O B-served_dish I-served_dish I-served_dish I-served_dish I-served_dish O,BookRestaurant,O O O O O B-restaurant_type O O B-served_dish I-served_dish O B-location I-location
test_285_33,BookRestaurant,O O O O O B-restaurant_type O O B-served_dish I-served_dish O,BookRestaurant,O O O O O B-restaurant_type O O B-served_dish I-served_dish
test_285_34,BookRestaurant,O O O O O B-restaurant_type O O B-served_dish I-served_dish I-served_dish I-served_dish I-served_dish O,BookRestaurant,O O O O O B-restaurant_type O O B-served_dish I-served_dish I-movie_name O I-served_dish I-served_dish
test_285_35,BookRestaurant,O O O O O B-restaurant_type O O B-served_dish I-served_dish O,BookRestaurant,O O O O O B-restaurant_type O O B-served_dish I-served_dish
test_285_36,BookRestaurant,O O O O O B-restaurant_type O O B-served_dish I-served_dish I-served_dish I-served_dish I-served_dish I-served_dish O,BookRestaurant,O O O O O B-restaurant_type O O B-served_dish O I-served_dish I-served_dish I-served_dish I-location
test_285_37,BookRestaurant,O O O O O B-restaurant_type O O B-served_dish I-served_dish I-served_dish O,BookRestaurant,O O O O O B-restaurant_type O O B-served_dish I-reminder/todo I-served_dish
test_285_38,BookRestaurant,O O O O O B-restaurant_type O O B-served_dish I-served_dish O,BookRestaurant,O O O O O B-restaurant_type O O B-served_dish I-served_dish
test_285_39,BookRestaurant,O O O O O B-restaurant_type O O B-served_dish I-served_dish O,BookRestaurant,O O O O O B-restaurant_type O O B-served_dish I-served_dish
test_285_40,BookRestaurant,O O O O O B-restaurant_type O O B-served_dish I-served_dish O,BookRestaurant,O O O O O B-restaurant_type O O B-served_dish O B-cuisine
test_285_41,BookRestaurant,O O O O O B-restaurant_type O O B-served_dish O,BookRestaurant,O O O O O B-restaurant_type O O B-served_dish
test_285_42,BookRestaurant,O O O O O B-restaurant_type O O B-served_dish O,BookRestaurant,O O O O O B-restaurant_type O O B-served_dish
test_285_43,BookRestaurant,O O O O O B-restaurant_type O O B-served_dish O,BookRestaurant,O O O O O B-restaurant_type O O B-served_dish
test_295_2,weather/find,O O O O O B-location I-location B-datetime I-datetime O,weather/find,O O O O O B-location I-location B-datetime I-datetime
test_393_2,BookRestaurant,O O O O B-location I-location B-datetime I-datetime I-datetime,BookRestaurant,O O O O O B-location B-location B-datetime I-datetime I-datetime
test_393_3,BookRestaurant,O O O O B-location I-location B-datetime I-datetime I-datetime,BookRestaurant,O O O O O B-location I-location B-datetime I-datetime I-datetime
test_393_4,BookRestaurant,O O O O B-location I-location B-datetime I-datetime I-datetime,BookRestaurant,O O O O B-location I-location B-datetime I-datetime I-datetime
test_453_2,BookRestaurant,O O O B-cuisine B-restaurant_type O B-datetime I-datetime O B-location I-location O B-party_size_number O,BookRestaurant,O O O O B-restaurant_type O B-datetime I-datetime O B-location I-location O B-party_size_number O
test_295_3,weather/find,O O O O O B-location I-location B-datetime I-datetime O,weather/find,O O O O O B-location I-location B-datetime I-datetime
test_295_4,weather/find,O O O O O B-location I-location B-datetime I-datetime O,weather/find,O O O O O B-location I-location B-datetime I-datetime
test_393_5,BookRestaurant,O O O O B-location I-location B-datetime I-datetime I-datetime,BookRestaurant,O O O O B-location I-location B-datetime I-datetime I-datetime
test_295_5,weather/find,O O O O O B-location I-location B-datetime I-datetime O,weather/find,O O O O O B-location I-location B-datetime I-datetime
test_393_6,BookRestaurant,O O O O B-location I-location B-datetime I-datetime I-datetime,BookRestaurant,O O O O O B-location I-location B-datetime I-datetime I-datetime
test_295_6,weather/find,O O O O O B-location I-location B-datetime I-datetime O,weather/find,O O O O O B-location I-location B-datetime I-datetime
test_453_3,BookRestaurant,O O O B-cuisine B-restaurant_type O B-datetime I-datetime O B-location I-location I-location O B-party_size_number O,BookRestaurant,O O O O B-restaurant_type O B-datetime I-datetime O B-location B-location I-location O B-party_size_number O
test_408_1,weather/find,O O O O B-location O B-location,weather/find,O O O O B-location O B-location
test_408_2,weather/find,O O O O B-location O B-location,weather/find,O O O O B-location O B-location
test_408_3,weather/find,O O O O B-location O B-location,weather/find,O O O O B-location O B-location
test_363_1,weather/find,O O O B-location O B-location,weather/find,O O O B-location I-location
test_363_2,weather/find,O O O B-location O B-location,weather/find,O O O B-location I-location
test_408_4,weather/find,O O O O B-location O B-location,weather/find,O O O O B-location O B-location
test_363_3,weather/find,O O O B-location O B-location,weather/find,O O O B-location I-location
test_456_1,BookRestaurant,O O O O B-location,BookRestaurant,O O O O B-cuisine
test_476_3,BookRestaurant,O O O O O B-restaurant_name I-restaurant_name I-restaurant_name O B-location O,BookRestaurant,O O O O O B-location I-location I-location O B-location
test_458_1,BookRestaurant,O O O B-restaurant_type B-location O B-location O,BookRestaurant,O O O B-served_dish B-restaurant_type B-location O B-location
test_321_3,weather/find,O O O O B-datetime O B-location O,weather/find,O O O B-datetime O B-location
test_217_1,weather/find,O O O B-datetime,weather/find,O O O B-datetime
test_217_2,weather/find,O O O B-datetime,weather/find,O O O B-datetime
test_366_6,weather/find,O O B-condition_temperature O B-location B-datetime B-datetime O,weather/find,O O B-weather/attribute O B-location B-datetime I-datetime
test_259_4,weather/find,O O B-condition_description B-datetime O B-location O,weather/find,O O B-weather/attribute B-datetime O B-location
test_189_1,weather/find,O B-datetime O B-weather/attribute O,weather/find,B-datetime I-datetime O B-weather/attribute
test_177_2,weather/find,O O B-weather/attribute O B-datetime I-datetime O,weather/find,O O B-weather/attribute O B-datetime I-datetime
test_175_3,weather/find,B-datetime O B-weather/attribute O,weather/find,B-datetime O B-weather/attribute
test_186_3,weather/find,B-datetime O B-weather/attribute O,weather/find,B-datetime O B-weather/attribute
test_175_4,weather/find,B-datetime O B-weather/attribute O,weather/find,B-datetime O B-weather/attribute
test_493_1,BookRestaurant,O O O B-party_size_description I-party_size_description I-party_size_description O B-restaurant_type O B-datetime I-datetime I-datetime,BookRestaurant,O O O B-party_size_description I-party_size_description I-party_size_description O O O B-datetime I-datetime I-datetime
test_493_2,BookRestaurant,O O O B-party_size_description I-party_size_description I-party_size_description O B-restaurant_type O B-datetime I-datetime I-datetime,BookRestaurant,O O O B-party_size_description I-party_size_description I-party_size_description O O O B-datetime I-datetime I-datetime
test_208_1,reminder/set_reminder,O O B-reminder/todo I-reminder/todo,reminder/set_reminder,O O B-reminder/todo I-reminder/todo
test_208_2,reminder/set_reminder,O O B-reminder/todo I-reminder/todo,reminder/set_reminder,O O B-reminder/todo I-reminder/todo
test_493_3,BookRestaurant,O O O B-party_size_description I-party_size_description I-party_size_description O B-restaurant_type O B-datetime I-datetime I-datetime,BookRestaurant,O O O B-party_size_description I-party_size_description I-party_size_description O O O B-datetime I-datetime I-datetime
test_208_3,reminder/set_reminder,O O B-reminder/todo I-reminder/todo,reminder/set_reminder,O O B-reminder/todo I-reminder/todo
test_458_2,BookRestaurant,O O O B-restaurant_type B-location O B-location O,BookRestaurant,O O O B-served_dish B-restaurant_type B-location O B-location
test_311_1,BookRestaurant,O O O O O O B-restaurant_type O B-facility O B-location O,BookRestaurant,O O O O O O B-restaurant_type O B-restaurant_type O B-location
test_498_1,BookRestaurant,O O O B-party_size_number O O B-sort B-restaurant_type B-location I-location I-location I-location B-datetime I-datetime I-datetime I-datetime,BookRestaurant,O O O B-party_size_number O O O O B-location O I-location I-location O B-datetime I-datetime I-datetime
test_458_3,BookRestaurant,O O O B-restaurant_type B-location O B-location I-location O,BookRestaurant,O O O B-served_dish B-restaurant_type B-location O B-location I-location
test_474_1,SearchScreeningEvent,O O B-object_type B-movie_name I-movie_name I-movie_name I-movie_name I-movie_name O B-object_location_type O,SearchScreeningEvent,O O O B-movie_name I-movie_name I-movie_name I-movie_name I-movie_name O O
test_400_1,AddToPlaylist,O O O O B-artist I-artist O B-reference O B-playlist I-playlist,AddToPlaylist,O O O B-music_item B-artist I-artist O B-reference O B-playlist I-playlist
test_403_2,AddToPlaylist,O B-music_item O O B-playlist I-playlist,AddToPlaylist,O B-music_item O O B-playlist I-playlist
test_380_1,AddToPlaylist,O O B-music_item O O B-playlist I-playlist,AddToPlaylist,O O B-music_item O O B-playlist I-playlist
test_415_3,AddToPlaylist,O B-artist O B-reference O B-playlist I-playlist,AddToPlaylist,O B-entity_name O B-reference O B-playlist I-playlist
test_434_2,BookRestaurant,O O O O B-restaurant_name O B-location,BookRestaurant,O O O O B-location O B-location
test_434_3,BookRestaurant,O O O O B-restaurant_name O B-location,BookRestaurant,O O O O B-datetime O B-location
test_286_8,RateBook,O B-object_part_of_series_type B-object_name O B-rating_value B-rating_unit O,RateBook,O B-object_name B-object_part_of_series_type I-object_name O B-rating_value B-rating_unit
